﻿<?xml version="1.0" encoding="utf-8"?>
<Deployment xmlns="http://schemas.microsoft.com/windowsphone/2012/deployment" AppPlatformVersion="8.0">
  <DefaultLanguage xmlns="" code="en-US" />
  <App xmlns="" ProductID="{4d0915a0-7a9f-4660-802e-436743c304de}" Title="Filter Effects" RuntimeType="Silverlight" Version="1.2.0.0" Genre="apps.normal" Author="Nokia" Description="A Nokia example demonstrating the use of the different filters of Nokia Imaging SDK with camera photos. This example app uses the camera and displays the viewfinder for taking a picture. The taken photo is then processed with the predefined filters." Publisher="Nokia Developer" PublisherID="{5af528ee-2f91-4848-a0dc-f649a79dad51}">
    <IconPath IsRelative="true" IsResource="false">Assets\filter-effects-icon.png</IconPath>
    <Capabilities>
      <Capability Name="ID_CAP_ISV_CAMERA" />
      <Capability Name="ID_CAP_MEDIALIB_PHOTO" />
      <Capability Name="ID_CAP_NETWORKING" />
    </Capabilities>
    <Tasks>
      <DefaultTask Name="_default" NavigationPage="MainPage.xaml" />
    </Tasks>
    <Tokens>
      <PrimaryToken TokenID="FilterEffectsToken" TaskName="_default">
        <TemplateFlip>
          <SmallImageURI IsRelative="true" IsResource="false">Assets\Tiles\FlipCycleTileSmall.png</SmallImageURI>
          <Count>0</Count>
          <BackgroundImageURI IsRelative="true" IsResource="false">Assets\Tiles\FlipCycleTileMedium.png</BackgroundImageURI>
          <Title>Filter Effects</Title>
          <BackContent>
          </BackContent>
          <BackBackgroundImageURI IsRelative="true" IsResource="false">
          </BackBackgroundImageURI>
          <BackTitle>
          </BackTitle>
          <LargeBackgroundImageURI IsRelative="true" IsResource="false">Assets\Tiles\FlipCycleTileLarge.png</LargeBackgroundImageURI>
          <LargeBackContent>
          </LargeBackContent>
          <LargeBackBackgroundImageURI IsRelative="true" IsResource="false">
          </LargeBackBackgroundImageURI>
          <DeviceLockImageURI IsRelative="true" IsResource="false">
          </DeviceLockImageURI>
          <HasLarge>True</HasLarge>
        </TemplateFlip>
      </PrimaryToken>
    </Tokens>
    <Extensions>
      <Extension ExtensionName="Camera_Capture_App" ConsumerID="{5B04B775-356B-4AA0-AAF8-6491FFEA5631}" TaskID="_default" />
    </Extensions>
    <ScreenResolutions>
      <ScreenResolution Name="ID_RESOLUTION_WVGA" />
      <ScreenResolution Name="ID_RESOLUTION_WXGA" />
      <ScreenResolution Name="ID_RESOLUTION_HD720P" />
    </ScreenResolutions>
    <Requirements>
      <Requirement Name="ID_REQ_REARCAMERA" />
    </Requirements>
  </App>
</Deployment>